{"cameraMode":{"drawMode":0,"name":"Shaded","section":"Shading Mode"},"sceneLighting":false,"audioPlay":false,"sceneViewState":{"m_AlwaysRefresh":false,"showFog":true,"showSkybox":false,"showFlares":true,"showImageEffects":true,"showParticleSystems":true,"showVisualEffectGraphs":true,"m_FxEnabled":true},"in2DMode":false,"pivot":{"x":1.3787750005722047,"y":1.2219374179840088,"z":-0.1349828988313675},"rotation":{"x":0.17631997168064118,"y":-0.20302999019622804,"z":-0.03720184043049812,"w":-0.9624544382095337},"size":0.7474870681762695,"orthographic":false}