{"cameraMode":{"drawMode":0,"name":"Shaded","section":"Shading Mode"},"sceneLighting":false,"audioPlay":false,"sceneViewState":{"m_AlwaysRefresh":false,"showFog":true,"showSkybox":false,"showFlares":true,"showImageEffects":true,"showParticleSystems":true,"showVisualEffectGraphs":true,"m_FxEnabled":true},"in2DMode":false,"pivot":{"x":-4.250022888183594,"y":-0.13799650967121125,"z":1.0826414823532105},"rotation":{"x":-0.12083543837070465,"y":-0.8094632625579834,"z":0.1791498363018036,"w":-0.5459674000740051},"size":-0.12221121788024903,"orthographic":false}