{"cameraMode":{"drawMode":0,"name":"Shaded","section":"Shading Mode"},"sceneLighting":true,"audioPlay":false,"sceneViewState":{"m_AlwaysRefresh":false,"showFog":true,"showSkybox":true,"showFlares":true,"showImageEffects":true,"showParticleSystems":true,"showVisualEffectGraphs":true,"m_FxEnabled":true},"in2DMode":false,"pivot":{"x":3.773071765899658,"y":-1.8691579103469849,"z":0.0636909008026123},"rotation":{"x":0.11232723295688629,"y":-0.21088464558124543,"z":-0.024361055344343187,"w":-0.9707752466201782},"size":2.927182197570801,"orthographic":false}