{"cameraMode":{"drawMode":0,"name":"Shaded","section":"Shading Mode"},"sceneLighting":false,"audioPlay":false,"sceneViewState":{"m_AlwaysRefresh":false,"showFog":true,"showSkybox":false,"showFlares":true,"showImageEffects":true,"showParticleSystems":true,"showVisualEffectGraphs":true,"m_FxEnabled":true},"in2DMode":false,"pivot":{"x":11.200782775878907,"y":38.05619430541992,"z":-0.000835418701171875},"rotation":{"x":0.11232723295688629,"y":-0.21088464558124543,"z":-0.024361055344343187,"w":-0.9707752466201782},"size":71.17897033691406,"orthographic":false}