{"cameraMode":{"drawMode":0,"name":"Shaded","section":"Shading Mode"},"sceneLighting":false,"audioPlay":false,"sceneViewState":{"m_AlwaysRefresh":false,"showFog":true,"showSkybox":false,"showFlares":true,"showImageEffects":true,"showParticleSystems":true,"showVisualEffectGraphs":true,"m_FxEnabled":true},"in2DMode":false,"pivot":{"x":2.484358072280884,"y":1.8118939399719239,"z":1.7772140502929688},"rotation":{"x":-0.153159499168396,"y":-0.06526226550340653,"z":-0.010227994993329049,"w":0.9860761165618897},"size":1.6581339836120606,"orthographic":true}