{"cameraMode":{"drawMode":0,"name":"Shaded","section":"Shading Mode"},"sceneLighting":false,"audioPlay":false,"sceneViewState":{"m_AlwaysRefresh":false,"showFog":true,"showSkybox":false,"showFlares":true,"showImageEffects":true,"showParticleSystems":true,"showVisualEffectGraphs":true,"m_FxEnabled":true},"in2DMode":false,"pivot":{"x":4.509366512298584,"y":1.2772908210754395,"z":-0.2981289327144623},"rotation":{"x":0.029386034235358239,"y":0.6436783671379089,"z":-0.7643607258796692,"w":0.024696627631783487},"size":0.8049453496932983,"orthographic":false}