{"cameraMode":{"drawMode":0,"name":"Shaded","section":"Shading Mode"},"sceneLighting":false,"audioPlay":false,"sceneViewState":{"m_AlwaysRefresh":false,"showFog":true,"showSkybox":false,"showFlares":true,"showImageEffects":true,"showParticleSystems":true,"showVisualEffectGraphs":true,"m_FxEnabled":true},"in2DMode":false,"pivot":{"x":0.07542578876018524,"y":0.9360866546630859,"z":0.802565336227417},"rotation":{"x":-0.00044600709225051105,"y":-0.8681924939155579,"z":0.49629759788513186,"w":-0.0007746795890852809},"size":3.923103094100952,"orthographic":false}