{"cameraMode":{"drawMode":0,"name":"Shaded","section":"Shading Mode"},"sceneLighting":false,"audioPlay":false,"sceneViewState":{"m_AlwaysRefresh":false,"showFog":true,"showSkybox":false,"showFlares":true,"showImageEffects":true,"showParticleSystems":true,"showVisualEffectGraphs":true,"m_FxEnabled":true},"in2DMode":false,"pivot":{"x":3.833449125289917,"y":-0.4416167736053467,"z":0.43913817405700686},"rotation":{"x":-0.03779948130249977,"y":-0.008396662771701813,"z":0.00031747613684274256,"w":-0.999251663684845},"size":0.7724200487136841,"orthographic":false}