{"cameraMode":{"drawMode":0,"name":"Shaded","section":"Shading Mode"},"sceneLighting":false,"audioPlay":false,"sceneViewState":{"m_AlwaysRefresh":false,"showFog":true,"showSkybox":false,"showFlares":true,"showImageEffects":true,"showParticleSystems":true,"showVisualEffectGraphs":true,"m_FxEnabled":true},"in2DMode":false,"pivot":{"x":2.475450038909912,"y":0.9692703485488892,"z":-0.22012034058570863},"rotation":{"x":-0.7662147879600525,"y":-0.025950253009796144,"z":0.6413316130638123,"w":-0.031061917543411256},"size":0.9090718626976013,"orthographic":false}