{"cameraMode":{"drawMode":0,"name":"Shaded","section":"Shading Mode"},"sceneLighting":false,"audioPlay":false,"sceneViewState":{"m_AlwaysRefresh":false,"showFog":true,"showSkybox":false,"showFlares":true,"showImageEffects":true,"showParticleSystems":true,"showVisualEffectGraphs":true,"m_FxEnabled":true},"in2DMode":false,"pivot":{"x":1.5973479747772217,"y":-0.3013652563095093,"z":-0.5992893576622009},"rotation":{"x":0.19678053259849549,"y":0.045760154724121097,"z":0.009224321693181992,"w":-0.9793880581855774},"size":1.9262526035308838,"orthographic":false}