{"cameraMode":{"drawMode":0,"name":"Shaded","section":"Shading Mode"},"sceneLighting":false,"audioPlay":false,"sceneViewState":{"m_AlwaysRefresh":false,"showFog":true,"showSkybox":false,"showFlares":true,"showImageEffects":true,"showParticleSystems":true,"showVisualEffectGraphs":true,"m_FxEnabled":true},"in2DMode":false,"pivot":{"x":-1.5842983722686768,"y":-0.46119728684425356,"z":0.3001953661441803},"rotation":{"x":-0.7662147879600525,"y":-0.025950253009796144,"z":0.6413316130638123,"w":-0.031061917543411256},"size":1.1533565521240235,"orthographic":false}