{"cameraMode":{"drawMode":0,"name":"Shaded","section":"Shading Mode"},"sceneLighting":false,"audioPlay":false,"sceneViewState":{"m_AlwaysRefresh":false,"showFog":true,"showSkybox":false,"showFlares":true,"showImageEffects":true,"showParticleSystems":true,"showVisualEffectGraphs":true,"m_FxEnabled":true},"in2DMode":false,"pivot":{"x":2.1603636741638185,"y":-0.45146167278289797,"z":0.3607739210128784},"rotation":{"x":0.24843738973140717,"y":-0.06764568388462067,"z":-0.017401937395334245,"w":-0.9661437273025513},"size":1.7660253047943116,"orthographic":false}