{"cameraMode":{"drawMode":0,"name":"Shaded","section":"Shading Mode"},"sceneLighting":false,"audioPlay":false,"sceneViewState":{"m_AlwaysRefresh":false,"showFog":true,"showSkybox":false,"showFlares":true,"showImageEffects":true,"showParticleSystems":true,"showVisualEffectGraphs":true,"m_FxEnabled":true},"in2DMode":false,"pivot":{"x":1.9811937808990479,"y":-0.9543024301528931,"z":0.2716318964958191},"rotation":{"x":0.005929756443947554,"y":-0.4430519640445709,"z":0.8965259790420532,"w":0.0029271780513226988},"size":1.1826272010803223,"orthographic":true}