{"cameraMode":{"drawMode":0,"name":"Shaded","section":"Shading Mode"},"sceneLighting":false,"audioPlay":false,"sceneViewState":{"m_AlwaysRefresh":false,"showFog":true,"showSkybox":false,"showFlares":true,"showImageEffects":true,"showParticleSystems":true,"showVisualEffectGraphs":true,"m_FxEnabled":true},"in2DMode":false,"pivot":{"x":-1.9808239936828614,"y":-0.6706015467643738,"z":-0.07077992707490921},"rotation":{"x":-0.13522399961948396,"y":-0.028428412973880769,"z":-0.003844692138954997,"w":0.9904304146766663},"size":0.8660253882408142,"orthographic":false}