{"cameraMode":{"drawMode":0,"name":"Shaded","section":"Shading Mode"},"sceneLighting":false,"audioPlay":false,"sceneViewState":{"m_AlwaysRefresh":false,"showFog":true,"showSkybox":false,"showFlares":true,"showImageEffects":true,"showParticleSystems":true,"showVisualEffectGraphs":true,"m_FxEnabled":true},"in2DMode":false,"pivot":{"x":1.3787750005722047,"y":1.2219374179840088,"z":-0.1349828988313675},"rotation":{"x":-0.4438561797142029,"y":0.0027180491015315058,"z":0.8961102366447449,"w":0.0013033568393439055},"size":0.7474870681762695,"orthographic":false}