{"cameraMode":{"drawMode":0,"name":"Shaded","section":"Shading Mode"},"sceneLighting":false,"audioPlay":false,"sceneViewState":{"m_AlwaysRefresh":false,"showFog":true,"showSkybox":false,"showFlares":true,"showImageEffects":true,"showParticleSystems":true,"showVisualEffectGraphs":true,"m_FxEnabled":true},"in2DMode":false,"pivot":{"x":-0.8849639892578125,"y":0.4290095567703247,"z":1.0396708250045777},"rotation":{"x":0.016176026314496995,"y":0.04108114913105965,"z":0.0006682869861833751,"w":-0.9990330338478088},"size":1.7660253047943116,"orthographic":false}